text,author,timestamp
"Absolutely love this product! Best purchase ever.",Sarah Johnson,2024-01-20
"Had some issues initially but customer service resolved them quickly.",Mike Davis,2024-01-20
"Not what I expected. Quality could be better.",Emma Wilson,2024-01-21
"Amazing features and easy to use!",David Lee,2024-01-21
"Waste of money. Very disappointed.",Lisa Brown,2024-01-22
"Good value for the price. Recommended!",Tom Anderson,2024-01-22
"The worst experience I've had. Avoid at all costs.",Rachel Green,2024-01-23
"Pretty decent. Does what it says.",Chris Martin,2024-01-23
"Excellent product! Exceeded my expectations.",Jennifer White,2024-01-24
"Poor customer support. No response to my queries.",Kevin Taylor,2024-01-24
"This is fantastic! Works perfectly and looks great.",Nicole Harris,2024-01-25
"Broken after one week. Total waste.",Steven Clark,2024-01-25
"Love it! Will definitely buy again.",Amanda Rodriguez,2024-01-26
"Terrible quality. Very upset with this purchase.",James Martinez,2024-01-26
"It's okay. Nothing special but does the job.",Patricia Lewis,2024-01-27
"Outstanding! Best in its category.",Robert Walker,2024-01-27
"Disappointed with the performance. Not as advertised.",Linda Hall,2024-01-28
"Great product! Highly recommend to everyone.",Daniel Allen,2024-01-28
"Awful experience. Never buying from here again.",Barbara Young,2024-01-29
"Perfect! Exactly what I was looking for.",William King,2024-01-29
